date,index_value,daily_return
2020-01-01,100.0,0.0
2020-01-02,100.0,0.0
2020-01-03,100.0,0.0
2020-01-06,100.0,0.0
2020-01-07,100.0,0.0
2020-01-08,100.0,0.0
2020-01-09,100.0,0.0
2020-01-10,100.0,0.0
2020-01-13,100.0,0.0
2020-01-14,100.0,0.0
2020-01-15,100.0,0.0
2020-01-16,100.0,0.0
2020-01-17,100.0,0.0
2020-01-20,100.0,0.0
2020-01-21,100.0,0.0
2020-01-22,100.0,0.0
2020-01-23,100.0,0.0
2020-01-24,100.0,0.0
2020-01-27,100.0,0.0
2020-01-28,100.0,0.0
2020-01-29,100.0,0.0
2020-01-30,100.0,0.0
2020-01-31,100.0,0.0
2020-02-03,100.0,0.0
2020-02-04,100.0,0.0
2020-02-05,100.0,0.0
2020-02-06,100.0,0.0
2020-02-07,100.0,0.0
2020-02-10,100.0,0.0
2020-02-11,100.0,0.0
2020-02-12,100.0,0.0
2020-02-13,100.0,0.0
2020-02-14,100.0,0.0
2020-02-17,100.0,0.0
2020-02-18,100.0,0.0
2020-02-19,100.0,0.0
2020-02-20,100.0,0.0
2020-02-24,100.0,0.0
2020-02-25,100.0,0.0
2020-02-26,100.0,0.0
2020-02-27,100.0,0.0
2020-02-28,100.0,0.0
2020-03-02,100.0,0.0
2020-03-03,100.0,0.0
2020-03-04,100.0,0.0
2020-03-05,100.0,0.0
2020-03-06,100.0,0.0
2020-03-09,100.0,0.0
2020-03-11,100.0,0.0
2020-03-12,100.0,0.0
2020-03-13,100.0,0.0
2020-03-16,100.0,0.0
2020-03-17,100.0,0.0
2020-03-18,100.0,0.0
2020-03-19,100.0,0.0
2020-03-20,100.0,0.0
2020-03-23,100.0,0.0
2020-03-24,100.0,0.0
2020-03-25,100.0,0.0
2020-03-26,100.0,0.0
2020-03-27,100.0,0.0
2020-03-30,100.0,0.0
2020-03-31,103.83435151612841,0.03834351516128414
2020-04-01,100.21773154866565,-0.034830669375355956
2020-04-03,98.4484596937424,-0.01765427961282587
2020-04-07,107.0244907112028,0.08711188620054698
2020-04-08,106.84448128786762,-0.0016819460867225312
2020-04-09,111.11674581574812,0.03998582309899449
2020-04-13,110.00741349705551,-0.009983484582351675
2020-04-15,109.61718555054317,-0.0035472877155028064
2020-04-16,110.53643074519266,0.008385958734779125
2020-04-17,113.51848228132127,0.02697799735367623
2020-04-20,113.1082923263179,-0.0036134200066808824
2020-04-21,109.69408191154494,-0.0301853236800972
2020-04-22,112.14138225668081,0.022310231349666854
2020-04-23,113.2036917963654,0.009472948507563987
2020-04-24,111.32810287396029,-0.016568266393458257
2020-04-27,113.0064298871525,0.015075501781363548
2020-04-28,113.63333896620833,0.005547552291332943
2020-04-29,115.29431947075834,0.014617017502618063
2020-04-30,118.71789653632929,0.029694238894738177
2020-05-04,112.69071058871114,-0.05076897522164028
2020-05-05,111.53478933131056,-0.01025746710941734
2020-05-06,112.44861202453714,0.00819316285712528
2020-05-07,111.50322588850821,-0.008407272611089483
2020-05-08,112.04744938415212,0.0048807870024142695
2020-05-11,112.3938157141284,0.0030912468947754826
2020-05-12,112.39706361398453,2.8897496143402815e-05
2020-05-13,114.72931357527541,0.020750096900224526
2020-05-14,112.36204517606657,-0.020633509653621762
2020-05-15,112.3559744840221,-5.402795966343444e-05
2020-05-18,108.24058138814331,-0.0366281643212844
2020-05-19,109.60703782551049,0.012624252566301055
2020-05-20,111.61391432750914,0.01830974125214014
2020-05-21,111.90474162734145,0.002605654515251056
2020-05-22,111.00881982321327,-0.008006111189744938
2020-05-26,111.02461001957619,0.00014224271898462287
2020-05-27,114.0498654477689,0.027248512088079112
2020-05-28,115.9624846098921,0.0167700255902461
2020-05-29,117.24285243775448,0.011041224514718208
2020-06-01,120.3657835096223,0.026636430340398136
2020-06-02,121.81065762440711,0.012004026997168087
2020-06-03,122.72299608568623,0.007489808191433048
2020-06-04,122.86759096186371,0.0011782215297003497
2020-06-05,124.90110561136895,0.016550455930534304
2020-06-08,125.3437921271638,0.003544296214416708
2020-06-09,123.63195076317349,-0.013657169094210964
2020-06-10,123.95494657496862,0.002612559373214447
2020-06-11,121.15069158097651,-0.022623179400880773
2020-06-12,122.19678884959943,0.00863467847332686
2020-06-15,120.19562591452313,-0.01637655910532428
2020-06-16,120.8729496049927,0.005635177530929862
2020-06-17,120.93397882969595,0.0005049039086305095
2020-06-18,123.10264744315504,0.01793266569450326
2020-06-19,125.53948186057019,0.019795142249401366
2020-06-22,126.88363205223689,0.010706991710859287
2020-06-23,129.00271505503736,0.016700995774837673
2020-06-24,126.59334013459844,-0.018676931872410527
2020-06-25,126.51381314997951,-0.0006282082812127017
2020-06-26,127.42627885047152,0.00721238003798289
2020-06-29,126.33361644156862,-0.008574859273612475
2020-06-30,126.23327627283702,-0.0007942475768356906
2020-07-01,126.9171339348465,0.005417411970924534
2020-07-02,128.36189705438105,0.011383515170427691
2020-07-03,129.39229582807457,0.008027294682759402
2020-07-06,131.5659894206118,0.016799250516626223
2020-07-07,131.81353786973636,0.0018815535094951232
2020-07-08,130.42162483860002,-0.010559712254380725
2020-07-09,131.48830804465177,0.008178729619200884
2020-07-10,131.28215309619344,-0.001567857640911626
2020-07-13,131.89734637167595,0.004686038893891001
2020-07-14,129.75284384495816,-0.016258875449053845
2020-07-15,129.6289093608437,-0.0009551581332781508
2020-07-16,130.45811420002283,0.006396758587784725
2020-07-17,132.55349491452404,0.016061712430462477
2020-07-20,133.9974192604891,0.010893144287867687
2020-07-21,135.09038487057276,0.00815661686706797
2020-07-22,134.81749534580507,-0.0020200514272659493
2020-07-23,136.05596705745998,0.009186283341625976
2020-07-24,135.53936661684014,-0.0037969701130541765
2020-07-27,134.78306812973977,-0.005579917524909086
2020-07-28,137.0470102346761,0.016796932555037787
2020-07-29,136.44816703994223,-0.0043696188169915235
2020-07-30,135.620168005287,-0.006068231275051477
2020-07-31,135.7972239531136,0.0013055281558097683
2020-08-03,134.17992228563025,-0.011909681364633296
2020-08-04,136.482800304724,0.017162612556829472
2020-08-05,137.24697634008717,0.0055990647441068134
2020-08-06,138.53122953319695,0.009357242158308238
2020-08-07,139.08268895649564,0.003980758888497118
2020-08-10,140.00646283058708,0.006641904042999894
2020-08-11,140.2504548958846,0.001742720017094638
2020-08-12,140.0994484620857,-0.0010766912229339786
2020-08-13,140.4911927667598,0.0027961873438790137
2020-08-14,139.1269720578951,-0.00971036462854692
2020-08-17,140.44416208477327,0.009467538949457186
2020-08-18,142.25802325828164,0.012915176726345632
2020-08-19,142.87338446030716,0.004325669568093767
2020-08-20,142.15613174027104,-0.005020198287774244
2020-08-21,142.87005654901884,0.0050221175830262805
2020-08-24,143.78126980051496,0.006377916223358427
2020-08-25,144.52961602256812,0.0052047545768056265
2020-08-26,144.8166406813279,0.0019859227932562387
2020-08-27,144.64028956424013,-0.0012177545084464958
2020-08-28,145.22393715816358,0.004035166105390048
2020-08-31,141.56444978460667,-0.025198926879191882
2020-09-01,143.42829328642475,0.013166042072384516
2020-09-02,144.61680279968414,0.008286436978553044
2020-09-03,144.86256012450733,0.0016993690917342713
2020-09-04,142.37863011417417,-0.017146804586348843
2020-09-07,142.27803035657504,-0.0007065650057065963
2020-09-08,141.45834676965669,-0.00576113954392028
2020-09-09,141.47727628722043,0.0001338169008476411
2020-09-10,143.1024036326615,0.011486843598415114
2020-09-11,143.28533400153572,0.0012783179333856814
2020-09-14,142.8281069466487,-0.003191024804269979
2020-09-15,143.71593156674228,0.006216035758460605
2020-09-16,144.82241608961056,0.007699108309049439
2020-09-17,143.6978108044369,-0.007765408943859881
2020-09-18,144.1185028930643,0.002927616546642482
2020-09-21,140.17217395435566,-0.027382527985575944
2020-09-22,139.26710441129862,-0.0064568417363046315
2020-09-23,138.37919869315553,-0.006375559554400213
2020-09-24,134.39798011425336,-0.028770354334325825
2020-09-25,137.9347091431947,0.0263153436229826
2020-09-28,140.60036225087376,0.019325470175253125
2020-09-29,140.49618729455452,-0.0007409295015425011
2020-09-30,140.3804540551122,-0.00082374647790022
2020-10-01,142.4574829534046,0.01479571292365933
2020-10-05,143.26879354070547,0.00569510685210033
2020-10-06,144.41524849233824,0.008002126096685866
2020-10-07,144.61533397241368,0.0013854872124952175
2020-10-08,145.45411686783433,0.005800096520750914
2020-10-09,146.0839029767353,0.004329792256572621
2020-10-12,145.45216868984326,-0.004324461997654972
2020-10-13,145.2234313399549,-0.0015725949770889354
2020-10-14,145.58667652884395,0.0025012849891884147
2020-10-15,142.2644762988983,-0.022819397414346847
2020-10-16,143.44453535486414,0.00829482585298765
2020-10-19,144.6845134533139,0.008644303495997424
2020-10-20,145.15684809335158,0.0032645832561069192
2020-10-21,145.5954524021285,0.0030215888160843507
2020-10-22,145.60193575977527,4.452994609248366e-05
2020-10-23,146.35296514354104,0.00515810026732659
2020-10-26,144.02360817530982,-0.01591602169417361
2020-10-27,145.5195152260874,0.010386540579907727
2020-10-28,144.37833427491043,-0.007842116223408085
2020-10-29,144.0532947312962,-0.0022513041534009547
2020-10-30,143.9218781082868,-0.0009122778014521663
2020-11-02,144.09394656159606,0.0011955684262249737
2020-11-03,145.73372248423942,0.011379908467857766
2020-11-04,146.99252663996612,0.00863769986979384
2020-11-05,150.0303994492833,0.020666852109821443
2020-11-06,151.111835189191,0.007208110782063535
2020-11-09,153.62062558887206,0.016602209856958535
2020-11-10,155.1378027767739,0.009876129472107458
2020-11-11,156.76636615121032,0.010497527651463247
2020-11-12,156.13269770961136,-0.004042119857442791
2020-11-13,157.08172613229172,0.006078345129509323
2020-11-14,157.7589557144624,0.004311319966017529
2020-11-17,159.14366803690194,0.008777392802636461
2020-11-18,159.97823401501947,0.005244104201016782
2020-11-19,158.21049745787695,-0.011049856675980917
2020-11-20,159.72142527781057,0.009550111049590115
2020-11-23,160.87101280783932,0.007197453491472407
2020-11-24,162.5877468581904,0.01067149401490808
2020-11-25,160.42570551477283,-0.013297689310519337
2020-11-26,162.22444073300298,0.011212263099971302
2020-11-27,161.85864930555556,-0.002254847825608778
2020-12-01,164.02601853735445,0.013390506105777154
2020-12-02,165.19304595421323,0.0071148920595972805
2020-12-03,166.1995989586936,0.006093192353625904
2020-12-04,168.14955399017506,0.01173260972769302
2020-12-07,169.5152050810333,0.00812164563301807
2020-12-08,169.8392037451138,0.0019113250868890155
2020-12-09,170.89114910234267,0.006193772309528694
2020-12-10,170.53617934796813,-0.0020771687488738764
2020-12-11,171.22048899433807,0.004012694836874917
2020-12-14,171.64064117974127,0.002453866285927309
2020-12-15,171.85520215194913,0.0012500592559729017
2020-12-16,173.06013541273876,0.007011328407296344
2020-12-17,173.0306905617959,-0.00017014230846782902
2020-12-18,173.46348802788387,0.002501275725611262
2020-12-21,167.3581273041525,-0.0351968059281151
2020-12-22,169.637610630679,0.01362039216884786
2020-12-23,171.68012339480742,0.012040447613797264
2020-12-24,173.65954368122547,0.01152969981193474
2020-12-28,175.4070002726586,0.010062542802950221
2020-12-29,175.44115630055236,0.00019472442856131454
2020-12-30,176.23272295793453,0.004511864114860905
2020-12-31,175.9823956239487,-0.0014204361697662002
2021-01-01,176.76139184098287,0.004426557635337474
2021-01-04,178.60668983646354,0.010439485547504245
2021-01-05,178.90147127647205,0.001650450161068621
2021-01-06,178.8331970899377,-0.00038163010089979594
2021-01-07,179.5633727721468,0.004082998537692757
2021-01-08,182.0186636055622,0.013673672951838634
2021-01-11,182.5790355161808,0.0030786508345811286
2021-01-12,183.97140634859377,0.007626126561992723
2021-01-13,184.88732809899668,0.0049786092772883365
2021-01-14,185.01767956312892,0.0007050318995492987
2021-01-15,183.4128765092815,-0.008673782190095443
2021-01-18,180.97850264475508,-0.013272644270443213
2021-01-19,184.21016439545176,0.017856605638074934
2021-01-20,185.81392606281992,0.008706151870780091
2021-01-21,184.7995165969671,-0.005459275778446643
2021-01-22,182.3631500055361,-0.013183836388189707
2021-01-25,181.15567566280023,-0.006621262808298738
2021-01-27,178.2255259446928,-0.016174760781779495
2021-01-28,177.17096948999145,-0.005916977655763033
2021-01-29,174.42116097456557,-0.015520649479661168
2021-02-01,182.83463178959195,0.04823652570603663
2021-02-02,187.54461326305935,0.02576088253831304
2021-02-03,189.2763380935377,0.009233668727394099
2021-02-04,191.2506534840824,0.010430862148067238
2021-02-05,192.01474371989335,0.003995229411723485
2021-02-08,194.96229060661673,0.015350627923776445
2021-02-09,194.77218588039844,-0.0009750845952147325
2021-02-10,195.0029815200585,0.0011849517353664067
2021-02-11,196.35930119836934,0.006955379183119335
2021-02-12,195.85584150049698,-0.0025639717334486898
2021-02-15,197.86240993641695,0.01024512937958439
2021-02-16,198.49002757278933,0.0031719902561281772
2021-02-17,198.0900047830293,-0.0020153294079893734
2021-02-18,197.23085683583125,-0.004337159505544412
2021-02-19,194.81882499648233,-0.012229485173086332
2021-02-22,191.6037039425282,-0.016503133380525108
2021-02-23,192.49546953545192,0.004654218966410017
2021-02-24,195.28676466606055,0.014500575714040577
2021-02-25,197.2067256572595,0.009831495721085302
2021-02-26,190.44749206474003,-0.03427486344591943
2021-03-01,192.85856399555925,0.01266003508200354
2021-03-02,195.64353604287697,0.014440489390877434
2021-03-03,199.54093642495383,0.01992092588851334
2021-03-04,197.8328390311821,-0.008560135200198101
2021-03-05,196.08011935869015,-0.008859599250939664
2021-03-08,196.26504786395046,0.0009431272577003829
2021-03-09,197.19502119557256,0.004738354290503902
2021-03-10,198.36422996214552,0.0059292002378364865
2021-03-12,196.36928778256328,-0.010056965310544801
2021-03-15,195.54105459785865,-0.004217732793438166
2021-03-16,195.42114020377633,-0.0006132440797608401
2021-03-17,192.43416133487312,-0.015284829808016268
2021-03-18,190.8085659219097,-0.008447540715676691
2021-03-19,193.39742424427942,0.013567830720080087
2021-03-22,193.83847550770784,0.002280543627464881
2021-03-23,195.313735715416,0.007610770791733179
2021-03-24,191.80473512514396,-0.017965969353967243
2021-03-25,188.31153487292195,-0.018212273278565567
2021-03-26,191.03077727198763,0.014440126574830946
2021-03-30,194.83128390602687,0.019894734703550618
2021-03-31,193.71075928775934,-0.005751256142252727
2021-04-01,196.88159737405348,0.016368931173223026
2021-04-05,193.80351856565076,-0.015634162102792674
2021-04-06,194.82580304063697,0.005274849923015645
2021-04-07,196.6424860554913,0.00932465303107415
2021-04-08,197.54464641735728,0.004587820160142842
2021-04-09,196.72279472263017,-0.004160333927707582
2021-04-12,188.28691936606353,-0.04288204307213517
2021-04-13,191.56068153381085,0.017387092947134152
2021-04-15,192.92211288367545,0.007107050042648114
2021-04-16,193.6928915497115,0.003995284182382888
2021-04-19,189.9136344539218,-0.019511594181657262
2021-04-20,189.8788105032647,-0.00018336730144323792
2021-04-22,191.1389546399453,0.006636570628079212
2021-04-23,190.54180291330596,-0.0031241759575604557
2021-04-26,192.74862936791448,0.011581849341546286
2021-04-27,195.37677158359958,0.013635076027796613
2021-04-28,198.10241442263091,0.013950700571715977
2021-04-29,199.1068069207734,0.005070066920031118
2021-04-30,196.50864854565174,-0.01304906856426817
2021-05-03,196.83167596408995,0.0016438330873928242
2021-05-04,195.37479648743636,-0.007401651535596265
2021-05-05,197.08769628282806,0.008767250567561648
2021-05-06,198.29926418897085,0.006147354345266259
2021-05-07,199.7399895568518,0.007265409550425804
2021-05-10,201.40506928537974,0.008336236184962756
2021-05-11,201.05769323097684,-0.0017247632129392862
2021-05-12,199.49083951481597,-0.007793055271756588
2021-05-14,198.4089375653822,-0.005423316439316676
2021-05-17,202.002832967104,0.01811357616154513
2021-05-18,205.3186177534841,0.016414545962927442
2021-05-19,204.62838332108393,-0.0033617722540334846
2021-05-20,203.1784166964784,-0.007085852905998728
2021-05-21,206.12909514360797,0.014522597897479818
2021-05-24,206.4913279440144,0.0017573103891717404
2021-05-25,206.9404247898684,0.0021748944632471435
2021-05-26,207.82623963167217,0.004280530702028216
2021-05-27,208.73194396389061,0.004357988355193392
2021-05-28,209.6433005722801,0.004366157815054716
2021-05-31,211.8776146506488,0.010657693674300518
2021-06-01,212.22654179854885,0.0016468334725939073
2021-06-02,213.2879002227711,0.005001063557967854
2021-06-03,215.48229685671643,0.010288425323956013
2021-06-04,215.53406161722836,0.00024022743987338097
2021-06-07,216.6757714652833,0.005297120276434725
2021-06-08,216.3142271935746,-0.0016685957514480977
2021-06-09,214.76050130631864,-0.00718272629319725
2021-06-10,216.55195705122068,0.008341644455126591
2021-06-11,217.44592169788788,0.004128176253127674
2021-06-14,217.43113311377326,-6.801040000727353e-05
2021-06-15,217.91401295359682,0.002220840377863052
2021-06-16,215.8414100485663,-0.009511104297234235
2021-06-17,214.1567463197615,-0.007805099718472656
2021-06-18,213.84497358148366,-0.0014558156286720834
2021-06-21,215.138150827463,0.006047265102008914
2021-06-22,215.78882081832887,0.003024428667641054
2021-06-23,214.75048383301177,-0.0048118200997597565
2021-06-24,215.74548783200743,0.004633302711296167
2021-06-25,216.95223806187764,0.005593397303446124
2021-06-28,216.56322074675018,-0.0017931011848631273
2021-06-29,215.54880817854817,-0.004684140569687388
2021-06-30,215.12969390270658,-0.0019444054429399596
2021-07-01,214.9206804855254,-0.000971569351442941
2021-07-02,215.23866369762308,0.0014795375269579815
2021-07-05,217.19840057694415,0.00910494818010103
2021-07-06,217.16292834210736,-0.00016331720096723982
2021-07-07,217.85421158361132,0.0031832470062059916
2021-07-08,215.8024814433257,-0.009417904411263547
2021-07-09,215.67817032980454,-0.0005760411682466503
2021-07-12,216.07350446547503,0.0018329816831529893
2021-07-13,217.3469960818659,0.005893788873102596
2021-07-14,217.84472135987207,0.0022900030227179947
2021-07-15,218.62815245480292,0.003596282205234888
2021-07-16,218.73983245794048,0.0005108216937462615
2021-07-19,216.76064057805112,-0.009048154868043643
2021-07-20,214.9131792835247,-0.00852304777103287
2021-07-22,217.89937684732635,0.0138949019960387
2021-07-23,218.4955179443808,0.0027358549881129337
2021-07-26,218.3564669637618,-0.0006364019817303387
2021-07-27,217.70892367926203,-0.0029655328898833652
2021-07-28,217.12546465469495,-0.0026799959078693952
2021-07-29,218.8652544788051,0.00801283178312144
2021-07-30,218.94527097715385,0.00036559708181773374
2021-08-02,220.96276360375413,0.009214597865467314
2021-08-03,223.89048642027151,0.013249847027472885
2021-08-04,224.76565392598792,0.0039089088585639795
2021-08-05,224.72980739557855,-0.0001594840216164378
2021-08-06,224.25300486767438,-0.002121670166631996
2021-08-09,223.96580591860442,-0.0012806916421896678
2021-08-10,223.1544629279677,-0.003622619923201921
2021-08-11,223.88601944621524,0.0032782517931701028
2021-08-12,224.95236037042665,0.00476287410374708
2021-08-13,226.72394624485025,0.007875382465453435
2021-08-16,227.13327917962818,0.0018054243566132174
2021-08-17,227.1247947769177,-3.7354291458736535e-05
2021-08-18,226.88665994913822,-0.001048475698187762
2021-08-20,223.7414324413574,-0.013862549294373978
2021-08-23,223.94888331165953,0.0009271902304303255
2021-08-24,226.91173359081742,0.013230029260894418
2021-08-25,227.13918685708333,0.0010023865344753818
2021-08-26,227.02088462377685,-0.0005208358581512419
2021-08-27,228.43972997873144,0.006249845062959344
2021-08-30,232.10820272908276,0.016058821075882253
2021-08-31,235.00344944362138,0.012473694081022826
2021-09-01,234.49482304766914,-0.0021643358731815087
2021-09-02,236.30368428218858,0.007713864259390164
2021-09-03,238.24316641928894,0.008207583148742868
2021-09-06,238.86005794268212,0.0025893356467043224
2021-09-07,238.05084856307616,-0.003387796966038274
2021-09-08,238.2233568759472,0.0007246700186634931
2021-09-09,238.35588863507004,0.0005563340256005323
2021-09-13,238.4581762199766,0.0004291380653203497
2021-09-14,239.07619077034607,0.0025917104633030917
2021-09-15,241.4898422695191,0.010095741827723695
2021-09-16,243.5350553343999,0.00846914737969885
2021-09-17,242.37777053108982,-0.004752025541953257
2021-09-20,239.07734697772435,-0.013616857462356016
2021-09-21,241.43778624647737,0.009873119718753386
2021-09-22,241.86366107123362,0.0017639112393180866
2021-09-23,245.71880511313026,0.01593932724255422
2021-09-24,245.1507871675226,-0.0023116584233190433
2021-09-27,246.19294425668465,0.004251086040567818
2021-09-28,245.65530901714223,-0.0021837962950794192
2021-09-29,246.78101133749956,0.004582446538042323
2021-09-30,245.428777165284,-0.005479490358219781
2021-10-01,244.66259823361054,-0.003121797453920721
2021-10-04,247.53075234975287,0.011722895681029855
2021-10-05,249.65325313630254,0.00857469533139321
2021-10-06,246.62512630932508,-0.012129330537199877
2021-10-07,248.83245016010702,0.00895011746699893
2021-10-08,250.0570373919031,0.004921332531219836
2021-10-11,251.41618931362976,0.005435367610136618
2021-10-12,252.5699348918251,0.00458898681642221
2021-10-13,254.92268366637055,0.00931523688895557
2021-10-14,257.61464680364065,0.010559919966923065
2021-10-18,258.9315132133623,0.00511176839539472
2021-10-19,257.0310294878502,-0.007339715826501415
2021-10-20,255.17423027525905,-0.007224027450269189
2021-10-21,253.4161401058242,-0.006889763780372215
2021-10-22,251.84240086125882,-0.006210098709214889
2021-10-25,251.75887465540208,-0.0003316606162071809
2021-10-26,254.30182508497262,0.010100737990075603
2021-10-27,253.45701556377443,-0.003322074157021406
2021-10-28,247.77602926140662,-0.02241400298086593
2021-10-29,245.8664845231033,-0.007706737185172718
2021-11-01,249.67330261008408,0.01548327375471569
2021-11-02,249.28822994011082,-0.0015423061494668985
2021-11-03,248.89106558086803,-0.0015931933863793097
2021-11-04,250.31910199048804,0.005737596109716534
2021-11-08,252.4318151946898,0.00844007983171032
2021-11-09,252.71661697787678,0.0011282325207991324
2021-11-10,252.84840607113293,0.0005214896227725241
2021-11-11,251.0610936095146,-0.007068711602301066
2021-11-12,253.71437355030383,0.010568264093185141
2021-11-15,253.4895809891095,-0.00088600640968328
2021-11-16,251.71862518221553,-0.006986306103721344
2021-11-17,250.61734176378607,-0.004375057338853156
2021-11-18,248.45223237459948,-0.008639104436863965
2021-11-22,244.09680861286353,-0.01753022591147066
2021-11-23,246.52260788224345,0.009937857373740677
2021-11-24,246.10339259822396,-0.0017005145597832109
2021-11-25,248.0082768761938,0.007740178864903584
2021-11-26,240.43750281244724,-0.030526295973282776
2021-11-29,240.42496520677682,-5.2144967086073394e-05
2021-11-30,239.42605739965134,-0.004154759079475767
2021-12-01,242.0341671918233,0.010893174370818378
2021-12-02,244.9955811049353,0.012235520081612956
2021-12-03,242.25041259512597,-0.011204971524092574
2021-12-06,237.86887256894514,-0.018086821728158252
2021-12-07,241.58044034409878,0.01560341937584888
2021-12-08,245.73454887609836,0.01719554996291341
2021-12-09,246.39260742997652,0.0026779244387404397
2021-12-10,246.70284563061807,0.0012591213830541246
2021-12-13,244.67292214076406,-0.008228212709363632
2021-12-14,244.2883401048222,-0.0015718209950531762
2021-12-15,242.6737797961309,-0.006609240162663918
2021-12-16,243.03031047799692,0.0014691767778355128
2021-12-17,238.7043423565191,-0.01780011766009511
2021-12-20,233.28720216166036,-0.022693932340652315
2021-12-21,235.98176820115663,0.011550423746044265
2021-12-22,239.08117949690697,0.013134113365522022
2021-12-23,240.54439375256695,0.006120156587561492
2021-12-24,239.42107791385524,-0.004669889915901353
2021-12-27,240.26624820939736,0.003530058017056599
2021-12-28,242.64273881558813,0.00989107135896841
2021-12-29,242.2018384428099,-0.0018170763111658975
2021-12-30,241.8899391534484,-0.0012877659862814857
2021-12-31,244.35504710249643,0.010191031332990715
2022-01-03,248.10840157747407,0.015360249438200786
2022-01-04,250.67970351426914,0.010363622998845218
2022-01-05,252.88792003838864,0.008808916291038254
2022-01-06,251.35551316516188,-0.006059628601453663
2022-01-07,252.3270219156225,0.003865078343526334
2022-01-10,254.30211815923496,0.007827525679246963
2022-01-11,254.7681431001641,0.001832564133961749
2022-01-12,256.89109089060855,0.008332862047080117
2022-01-13,258.0473358673215,0.004500915048102248
2022-01-14,257.721434081876,-0.0012629534978538793
2022-01-17,258.86829541258714,0.004450003682452075
2022-01-18,255.55255407280927,-0.01280860344250806
2022-01-19,254.13012638644653,-0.00556608675473262
2022-01-20,252.51890242248393,-0.006340153317802482
2022-01-21,249.98827176146807,-0.010021549423583046
2022-01-24,243.32645970069834,-0.026648498402862115
2022-01-25,246.21656886762665,0.011877496473187721
2022-01-27,244.23747646427037,-0.008038014713868818
2022-01-28,244.37219239140364,0.0005515776247097726
2022-01-31,247.9297749404523,0.01455804981014598
2022-02-01,251.15675124723072,0.013015686831295139
2022-02-02,253.5439879973435,0.009504967468554504
2022-02-03,251.2862558860234,-0.0089046959036699
2022-02-04,250.836086180269,-0.0017914617103396663
2022-02-07,247.5268215734881,-0.013192936698919138
2022-02-08,248.23884714133416,0.0028765592484880677
2022-02-09,251.27278045612258,0.012221831311765005
2022-02-10,253.01690370344278,0.006941154724973358
2022-02-11,250.06112362341125,-0.011682144697715386
2022-02-14,242.8128904550155,-0.02898584579389271
2022-02-15,250.09326203728742,0.029983464092985343
2022-02-16,249.5841715027809,-0.00203560276018395
2022-02-17,249.2230052865034,-0.0014470717998776815
2022-02-18,248.5312321272574,-0.002775719514539861
2022-02-21,246.87496084246493,-0.0066642380139345725
2022-02-22,245.01681893844994,-0.0075266519442638204
2022-02-23,244.6650868279843,-0.0014355427190244979
2022-02-24,232.94246141651632,-0.0479129473005267
2022-02-25,239.4123787246233,0.02777474432425757
2022-02-28,242.44035424399308,0.01264753115732836
2022-03-02,240.58067744852224,-0.007670656979816402
2022-03-03,238.8891784535742,-0.007030901288030458
2022-03-04,234.48151614204005,-0.01845065707901353
2022-03-07,229.73638764386598,-0.020236684648949656
2022-03-08,231.69072309027817,0.008506860695667272
2022-03-09,236.05453183006213,0.018834628687673487
2022-03-10,240.09089916877554,0.017099300349883557
2022-03-11,240.6308907358665,0.002249113019112621
2022-03-14,243.13099552785744,0.010389791536512333
2022-03-15,240.8910625862736,-0.0092128645988586
2022-03-16,245.22986955152604,0.018011490001620632
2022-03-17,249.72893290999744,0.018346310613381794
2022-03-21,247.2263923899887,-0.010021027563156489
2022-03-22,249.42115623652134,0.008877546710589405
2022-03-23,248.73164641021725,-0.002764440020678351
2022-03-24,248.85106923700633,0.0004801271913431531
2022-03-25,248.03544423009853,-0.0032775627985387524
2022-03-28,249.8125548111846,0.007164744484814312
2022-03-29,251.17969517242625,0.0054726647436713375
2022-03-30,252.9601119928771,0.007088219528368581
2022-03-31,252.74251583786955,-0.0008601994729259526
2022-04-01,255.9994454949757,0.01288635450315536
2022-04-04,260.20780213891675,0.01643892874769385
2022-04-05,260.1468121907585,-0.0002343893905444664
2022-04-06,259.6462402947958,-0.0019241900054329719
2022-04-07,257.3629529324335,-0.008793839493958962
2022-04-08,259.8460175336546,0.009648104254822711
2022-04-11,259.0474668565659,-0.003073168812315092
2022-04-12,256.4998226066172,-0.009834661889820028
2022-04-13,256.2308770355104,-0.0010485214702050543
2022-04-18,253.99690016250932,-0.008718609165481193
2022-04-19,251.98404181227724,-0.007924735888289333
2022-04-20,254.16750183285737,0.008665072616807889
2022-04-21,257.59997176560796,0.013504755360139835
2022-04-22,254.97023616484563,-0.010208602053555837
2022-04-25,251.34509021404568,-0.014217918159106988
2022-04-26,255.60421885377002,0.016945342501408087
2022-04-27,252.798639463407,-0.010976264018428014
2022-04-28,255.39378651891306,0.010265668600964459
2022-04-29,252.3643652755319,-0.011861765646976096
2022-05-02,251.7025765155818,-0.0026223542267053393
2022-05-04,245.77336935927732,-0.0235564023157205
2022-05-05,245.3616028851647,-0.0016753909310275661
2022-05-06,241.69732516198795,-0.01493419377803674
2022-05-09,239.73856911658314,-0.008104169312143025
2022-05-10,237.6681878785831,-0.008635995641540817
2022-05-11,236.5840817363653,-0.004561427222946677
2022-05-12,231.31690810402944,-0.022263432068964306
2022-05-13,229.91812442909796,-0.006047044664380586
2022-05-16,231.46029491694816,0.00670747681018837
2022-05-17,238.600972691135,0.030850551610802468
2022-05-18,238.0617958420094,-0.002259742879688918
2022-05-19,231.74928106431275,-0.02651628647666737
2022-05-20,238.16507974546184,0.027684222586082757
2022-05-23,236.69086978986968,-0.006189866109539352
2022-05-24,235.2125660416661,-0.00624571513686189
2022-05-25,233.72537345632156,-0.006322759920407904
2022-05-26,236.0822047174662,0.010083762949190769
2022-05-27,237.55825823808544,0.006252286242352495
2022-05-30,242.1998840313096,0.01953889470166186
2022-05-31,242.48547062084387,0.0011791359466437588
2022-06-01,241.17785337671495,-0.005392559153259744
2022-06-02,243.1302519116368,0.008095264584150118
2022-06-03,241.5808677383612,-0.00637265071332508
2022-06-06,241.35488047341894,-0.0009354518305108979
2022-06-07,239.65218168571502,-0.007054751842449107
2022-06-08,239.00564085510624,-0.0026978299386261223
2022-06-09,240.61905861460065,0.006750542596910921
2022-06-10,237.60944929901024,-0.012507776120971734
2022-06-13,231.29623073656202,-0.026569728523311353
2022-06-14,231.39660598750731,0.00043396838169677273
2022-06-15,231.26581440173572,-0.0005652268978338242
2022-06-16,225.70247063311237,-0.024056057671191986
2022-06-17,224.05858233205402,-0.007283430688406397
2022-06-20,223.37640754419417,-0.003044626904087374
2022-06-21,228.13328331216923,0.021295336514147854
2022-06-22,224.3231091067042,-0.016701527064121223
2022-06-23,226.535649738874,0.009863186369788491
2022-06-24,228.75396458732544,0.009792343284637444
2022-06-27,231.0162083260924,0.009889418716078097
2022-06-28,231.7215878934572,0.003053376957729079
2022-06-29,231.5285681734012,-0.0008329811728407938
2022-06-30,230.99206043028207,-0.002317242089612464
2022-07-01,230.2120855446277,-0.003376630712767657
2022-07-04,231.72022972135323,0.006551107745527714
2022-07-05,231.82406988675717,0.00044812731943514244
2022-07-06,234.6554095283341,0.012213311771120255
2022-07-07,236.83910462104916,0.009305965275227878
2022-07-08,238.26969418769545,0.006040343586568063
2022-07-11,238.51267083887706,0.0010197547447649588
2022-07-12,236.64154512361569,-0.007844974058109393
2022-07-13,235.77271422128985,-0.00367150620941045
2022-07-14,235.55921354848473,-0.0009055359671719078
2022-07-15,237.21934961014267,0.007047637987279243
2022-07-18,240.52540635486238,0.013936707735490673
2022-07-19,241.7093775227029,0.004922437033923027
2022-07-20,244.11428897901587,0.009949599312037665
2022-07-21,245.896388194267,0.00730026588244616
2022-07-22,247.29111839266625,0.005672023931060492
2022-07-25,246.02065015989803,-0.00513754089118108
2022-07-26,244.53108695470337,-0.0060546267324573895
2022-07-27,246.8667866025913,0.009551749337787074
2022-07-28,250.67217253922334,0.015414734355326625
2022-07-29,254.15259674858953,0.013884366079053344
2022-08-01,257.4217623850044,0.012863003086483443
2022-08-02,257.9595637379804,0.002089183711560548
2022-08-03,258.2831936676244,0.0012545762016125841
2022-08-04,258.0739648455013,-0.0008100752478396386
2022-08-05,258.3251191521977,0.0009731873063863092
2022-08-08,260.1128441491315,0.006920445842823831
2022-08-10,260.2935938699124,0.0006948896405795138
2022-08-11,261.66332837781573,0.0052622674555252566
2022-08-12,262.5781212033762,0.0034960681392833728
2022-08-16,264.5196291478547,0.007394020246548648
2022-08-17,266.6400958335116,0.008016292373038483
2022-08-18,267.46545876936517,0.003095419438976215
2022-08-19,264.6840485457986,-0.010399138028379872
2022-08-22,260.7089281359782,-0.015018360311700226
2022-08-23,262.67466288722954,0.00753995946861498
2022-08-24,263.22458895180756,0.002093563416179677
2022-08-25,262.2207728825724,-0.0038135345684552854
2022-08-26,263.35123005585973,0.00431108931935577
2022-08-29,260.52010806543313,-0.010750365547280965
2022-08-30,266.66349318984373,0.023581232059321788
2022-09-01,264.19360073326857,-0.009262206937403213
2022-09-02,264.09440679093404,-0.00037545929219782006
2022-09-05,265.73168179673246,0.00619958228458261
2022-09-06,266.1011244963935,0.001390284730684069
2022-09-07,265.90409636490483,-0.0007404257755826839
2022-09-08,268.1573385034675,0.008473890283624932
2022-09-09,268.5952653564814,0.0016330966568279491
2022-09-12,270.22061513104626,0.006051297190245378
2022-09-13,272.4384286093218,0.008207417769365956
2022-09-14,272.4788062196224,0.0001482082043518108
2022-09-15,271.60343984638104,-0.0032126035246052573
2022-09-16,266.1675947826063,-0.020013903604642357
2022-09-19,267.63814246108,0.005524893741008528
2022-09-20,270.4451380210052,0.010488025115229706
2022-09-21,268.5275157458019,-0.007090614714820126
2022-09-22,267.99601696975594,-0.0019793084316510785
2022-09-23,263.3579677427589,-0.017306411040879408
2022-09-26,258.29867205838315,-0.0192107181253674
2022-09-27,258.0757782596525,-0.0008629304864574256
2022-09-28,256.14766111220257,-0.007471127900697714
2022-09-29,255.63859999480783,-0.0019873736702665217
2022-09-30,260.0879685264027,0.01740491667410636
2022-10-03,257.13815054682726,-0.0113416164395778
2022-10-04,262.6283433509315,0.021351140592824766
2022-10-06,263.51005609996344,0.003357264253286441
2022-10-07,263.25682144002656,-0.0009610056772968288
2022-10-10,262.4734255645616,-0.002975785665039046
2022-10-11,258.35767511546425,-0.015680636773969133
2022-10-12,260.53155816926414,0.008414238333846026
2022-10-13,259.1399651468315,-0.005341360686633387
2022-10-14,260.4542782721856,0.005071827205847661
2022-10-17,262.10509836144536,0.006338233720755481
2022-10-18,265.15143687779414,0.011622583976401247
2022-10-19,264.99024187016227,-0.000607935636819369
2022-10-20,266.3496811772424,0.005130148557493803
2022-10-21,266.2856725654362,-0.00024031795917054993
2022-10-24,268.3383467947498,0.007708541768461603
2022-10-25,267.76737725811404,-0.002127797027356927
2022-10-27,269.5528819712466,0.006668118915066628
2022-10-28,270.4228914881362,0.003227602355898293
2022-10-31,273.47722751476743,0.01129466521795998
2022-11-01,275.78609909648355,0.008442646587791197
2022-11-02,274.5782853665371,-0.004379530853452833
2022-11-03,274.6432328410257,0.00023653536331868662
2022-11-04,276.43078086088053,0.006508618477009973
2022-11-07,277.7403855706884,0.004737550231306926
2022-11-09,276.90227151534106,-0.0030176168065194444
2022-11-10,274.9119286745381,-0.007187889178051301
2022-11-11,277.947061131425,0.011040381083209254
2022-11-14,277.5136444377626,-0.0015593497981166427
2022-11-15,278.95866388932296,0.00520702127813538
2022-11-16,278.42147701773865,-0.0019256862794461793
2022-11-17,277.5298163816012,-0.003202556949587084
2022-11-18,276.5720956341739,-0.0034508751524934427
2022-11-21,274.792151714597,-0.00643573212075312
2022-11-22,276.07873244009113,0.004682014087616199
2022-11-23,276.39880765513897,0.0011593620856589486
2022-11-24,279.04424226756396,0.00957107823607423
2022-11-25,279.45031685406906,0.0014552337048964901
2022-11-28,280.02025978931783,0.0020395143640020118
2022-11-29,281.0288002706776,0.0036016696867527814
2022-11-30,283.37919338826003,0.008363531123210774
2022-12-01,284.3074143510559,0.0032755438100357396
2022-12-02,282.9045575839915,-0.004934295400865599
2022-12-05,283.3760645002946,0.0016666642641949647
2022-12-06,282.579968692174,-0.0028093262199982605
2022-12-07,281.24334359221604,-0.0047300773163225845
2022-12-08,281.7458971167813,0.0017868992671838406
2022-12-09,280.28232838380586,-0.0051946408020585744
2022-12-12,280.169380646488,-0.00040297844665821764
2022-12-13,281.7992514220987,0.005817447901871895
2022-12-14,282.8399236466772,0.0036929559582815747
2022-12-15,279.68214496627536,-0.01116454367434546
2022-12-16,276.9337632754742,-0.009826804249990884
2022-12-19,279.7918308675155,0.010320401377705395
2022-12-20,279.05569265565606,-0.002631021104429655
2022-12-21,276.1300997980555,-0.010483903158394422
2022-12-22,274.9739240204587,-0.004187068988286154
2022-12-23,269.4843606380334,-0.019963941679127503
2022-12-26,272.9132973666298,0.012724065769449566
2022-12-27,275.1279916996031,0.008115010717114644
2022-12-28,274.90796746027115,-0.0007997159357458858
2022-12-29,276.27668314932697,0.004978814188983564
2022-12-30,275.3808593035687,-0.003242488057792706
2023-01-02,276.762847347227,0.0050184607861029585
2023-01-03,277.25972937728324,0.0017953350126971217
2023-01-04,274.2996134914653,-0.010676328266157605
2023-01-05,273.9411423276261,-0.0013068598941002956
2023-01-06,272.07905728791525,-0.006797390942773637
2023-01-09,275.5469051062671,0.01274573593763287
2023-01-10,272.6496438037722,-0.010514584808628344
2023-01-11,271.7726551256266,-0.003216540707373087
2023-01-12,271.37642725708713,-0.0014579386890721047
2023-01-13,272.90643736763394,0.0056379624642097
2023-01-16,271.61849450284257,-0.004719356850701092
2023-01-17,273.46975678048364,0.006815670932237247
2023-01-18,274.94898298314445,0.005409103441914409
2023-01-19,274.1514551733188,-0.0029006392428608625
2023-01-20,272.446346146611,-0.006219587729818289
2023-01-23,273.22116630074845,0.002843936668985512
2023-01-24,272.8706221037639,-0.001283005272727321
2023-01-25,269.8021264985519,-0.011245239892644494
2023-01-27,265.1034730588361,-0.017415183122142807
2023-01-30,265.82006675134363,0.0027030716883461228
2023-01-31,266.82618093097295,0.0037849444247204083
2023-02-01,263.84643244388866,-0.01116737674199654
2023-02-02,262.58190936416173,-0.004792648011247489
2023-02-03,266.65744727151025,0.015521015584117719
2023-02-06,265.9391298894177,-0.0026937833142952864
2023-02-07,265.9102164991412,-0.00010872183528805161
2023-02-08,268.87392881321625,0.011145537591951075
2023-02-09,268.6031442414924,-0.0010071060921343893
2023-02-10,268.00243277433543,-0.002236427532720306
2023-02-13,266.5330217019804,-0.005482827365199141
2023-02-14,268.3448246803456,0.006797667946717145
2023-02-15,270.08852033306454,0.00649796639378481
2023-02-16,270.58663152464413,0.001844251621525036
2023-02-17,269.2888654142216,-0.004796120573696289
2023-02-20,267.8843685247104,-0.005215577284826782
2023-02-21,267.5395643749985,-0.0012871379976770536
2023-02-22,263.162943968591,-0.016358778248861332
2023-02-23,262.626864397294,-0.0020370632856310674
2023-02-24,261.95214475491093,-0.0025691189053774835
2023-02-27,260.6240801885775,-0.005069874757375983
2023-02-28,259.49347208533715,-0.004338079974890637
2023-03-01,262.52783793373146,0.011693418813234971
2023-03-02,261.0780739930817,-0.00552232461159304
2023-03-03,266.0704627188129,0.019122206048844532
2023-03-06,267.57779258906135,0.005665152963038279
2023-03-08,268.43301016254696,0.003196145559056379
2023-03-09,266.05158382786993,-0.008871585254119843
2023-03-10,263.9853754554306,-0.007766194595466541
2023-03-13,260.15194760553715,-0.014521364463012202
2023-03-14,258.47703038073405,-0.006438226737178771
2023-03-15,257.77831998383255,-0.002703181771596097
2023-03-16,258.19673485190617,0.0016231577120212543
2023-03-17,259.8052544032328,0.006229821427638381
2023-03-20,257.8690799864482,-0.007452406692974802
2023-03-21,259.6280378689124,0.00682112753710774
2023-03-22,260.2756369001189,0.0024943339576195514
2023-03-23,259.3110164036008,-0.003706149787996893
2023-03-24,256.70537910841875,-0.010048309290209587
2023-03-27,257.12365403234577,0.0016293968025903884
2023-03-28,255.9418716801344,-0.0045961634944045385
2023-03-29,258.69692491791994,0.010764370908519033
2023-03-31,262.24318652759473,0.013708170712891033
2023-04-03,263.56437723593444,0.005038036357908055
2023-04-05,265.239888387425,0.006357122950613031
2023-04-06,265.8716096945275,0.00238169798269441
2023-04-10,266.3262433767111,0.0017099745350996152
2023-04-11,267.99800877929925,0.00627713356893434
2023-04-12,268.8427110010926,0.003151897380285919
2023-04-13,269.1734938470797,0.0012303954410941395
2023-04-17,269.0226049068094,-0.000560563888047871
2023-04-18,268.3658890337888,-0.002441117813308355
2023-04-19,267.722166833863,-0.002398673699714157
2023-04-20,267.9464390090096,0.0008377049155059638
2023-04-21,267.5198806412715,-0.0015919538595687047
2023-04-24,269.05377647598857,0.005733763902107668
2023-04-25,270.1180144030557,0.0039554840709032785
2023-04-26,270.7530815153186,0.0023510727844876633
2023-04-27,272.1665125068059,0.00522036899294644
2023-04-28,274.76481635132694,0.009546743354240265
2023-05-02,275.9089424307518,0.004164019595441487
2023-05-03,274.6252673202208,-0.004652531734643258
2023-05-04,277.14064408885673,0.009159305671983019
2023-05-05,276.0627805617365,-0.003889229350187575
2023-05-08,278.87131722251416,0.010173543333378094
2023-05-09,278.77405878914726,-0.0003487573922465856
2023-05-10,279.72465373992486,0.0034099117934663055
2023-05-11,279.97714484963456,0.0009026416024967835
2023-05-12,279.97437014224903,-9.910478182251064e-06
2023-05-15,280.65983495866664,0.0024483127368741917
2023-05-16,279.6535384946862,-0.0035854665991971154
2023-05-17,278.2926241171328,-0.004866430029381734
2023-05-18,277.0920439832511,-0.004314092540865886
2023-05-19,278.1929224347026,0.003972970265137246
2023-05-22,280.50691766288577,0.00831795147026542
2023-05-23,281.16045923349554,0.002329859014012643
2023-05-24,280.61933651123223,-0.0019246046323103448
2023-05-25,281.6835561686672,0.0037923960289613623
2023-05-26,284.3237968978477,0.009373073689823722
2023-05-29,285.7217083128316,0.004916617709231509
2023-05-30,285.97425841634106,0.0008839023992987451
2023-05-31,285.1966657471888,-0.002719100220622641
2023-06-01,284.5366288099419,-0.0023143220679585656
2023-06-02,285.72740921390357,0.004184981065327417
2023-06-05,286.6084362937028,0.0030834531493606422
2023-06-06,286.8897122920753,0.0009813946930865459
2023-06-07,289.15026113150884,0.007879504710618965
2023-06-08,287.8371372961118,-0.004541319901488295
2023-06-09,286.7639797739505,-0.003728349761404299
2023-06-12,287.657225307023,0.0031149153871300366
2023-06-13,289.1767848315455,0.005282535569550295
2023-06-14,290.0417326071509,0.002991069203944748
2023-06-15,289.72753142492724,-0.0010832964601313242
2023-06-16,291.7627686516871,0.007024659398954018
2023-06-19,290.44867165886336,-0.004503991372499324
2023-06-20,291.2298901157975,0.0026896954028823913
2023-06-21,291.7294932791787,0.0017154941176626755
2023-06-22,290.01571879895795,-0.005874532811054359
2023-06-23,287.9855345860828,-0.007000255783661549
2023-06-26,288.4776899102181,0.0017089584893305938
2023-06-27,290.20163839324863,0.00597602013371316
2023-06-28,293.01881816195095,0.00970766321065639
2023-06-30,295.69317936981156,0.009126926470580882
2023-07-03,296.79795746117287,0.0037362312303443304
2023-07-04,298.0479287013925,0.004211522380113174
2023-07-05,299.11078630988965,0.003566062723965571
2023-07-06,300.3974616549571,0.004301668157611708
2023-07-07,297.8652090430167,-0.008429673799471153
2023-07-10,297.0801271187441,-0.0026356952757085974
2023-07-11,298.2155278486437,0.0038218669855549516
2023-07-12,297.704052394331,-0.001715120128058371
2023-07-13,297.45596551669263,-0.0008333338953335765
2023-07-14,299.4477253239166,0.0066959820549042075
2023-07-17,300.48079951434323,0.003449931667736476
2023-07-18,299.7812825874336,-0.0023279920981314553
2023-07-19,301.01927657199695,0.004129657375130591
2023-07-20,303.06233012414543,0.0067871186703214546
2023-07-21,301.7620132085532,-0.004290592351281643
2023-07-24,301.66970404934307,-0.00030590052813012124
2023-07-25,302.37129058968014,0.0023256778221996117
2023-07-26,303.3527056742172,0.003245728397769174
2023-07-27,301.793013290801,-0.005141514660136841
2023-07-28,302.3390936909953,0.001809453420540546
2023-07-31,304.2424283413035,0.006295364013538664
2023-08-01,304.10578233585784,-0.00044913527081221556
2023-08-02,300.8023012713433,-0.01086293407228328
2023-08-03,298.1701060040273,-0.008750582213603633
2023-08-04,299.00119297377256,0.002787291391760424
2023-08-07,299.90769045652445,0.003031752060037286
2023-08-08,299.515822191853,-0.0013066295968436328
2023-08-09,300.66857569959126,0.0038487232470807323
2023-08-10,299.47885752514736,-0.003956908937609009
2023-08-11,298.0633506065913,-0.004726567111460263
2023-08-14,296.76624789601095,-0.004351768534912568
2023-08-16,297.0769988147381,0.0010471235220659973
2023-08-17,296.6173625431608,-0.0015471957553466658
2023-08-18,295.9683511138883,-0.002188042613918537
2023-08-21,298.22656098259824,0.007629903198132812
2023-08-22,298.6811290674787,0.0015242374233292472
2023-08-23,299.21413498143625,0.0017845316027217729
2023-08-24,298.7344692270256,-0.0016030852099963872
2023-08-25,296.87692105369473,-0.006218057722422423
2023-08-28,298.061861784568,0.003991353476274418
2023-08-29,299.05225186379175,0.0033227668689110906
2023-08-30,299.15280091857005,0.00033622570688444876
2023-08-31,297.2477985908296,-0.006367990946068477
2023-09-01,300.9179089339358,0.012346972325801038
2023-09-04,302.69051382186274,0.005890659330336385
2023-09-05,303.34550483188673,0.0021638967199660935
2023-09-06,303.95948916288984,0.0020240429517600724
2023-09-07,305.7502708011313,0.005891514172409325
2023-09-08,307.42606462907713,0.005480923446297884
2023-09-11,310.4425127341844,0.009811946520366509
2023-09-12,309.39414816295687,-0.0033770006626804533
2023-09-13,311.1542284927863,0.005688796443888733
2023-09-14,311.95197094164746,0.00256381683361801
2023-09-15,313.52836746653037,0.005053330870532464
2023-09-18,313.6176952081625,0.0002849111943328337
2023-09-20,310.85586401793626,-0.008806362754477425
2023-09-21,308.3693157568871,-0.007999039261828812
2023-09-22,307.8150826361458,-0.0017973030792020955
2023-09-25,308.30816151406185,0.0016018671784804154
2023-09-26,308.5083821533995,0.0006494172530316856
2023-09-27,308.72608619943463,0.0007056665511502893
2023-09-28,306.29558904686564,-0.007872665321189938
2023-09-29,308.8012914424626,0.008180667581254623
2023-10-03,307.35689189249996,-0.0046774401208481906
2023-10-04,305.19244627485494,-0.0070421248871883925
2023-10-05,306.6331388476232,0.004720603639943217
2023-10-06,308.1141247776975,0.004829829990457479
2023-10-09,305.8011878751081,-0.007506753883023537
2023-10-10,308.9210936906175,0.010202399268584916
2023-10-11,310.91223993388104,0.006445484895433024
2023-10-12,310.8212014531836,-0.0002928108610865685
2023-10-13,310.5181155848917,-0.0009751132383341547
2023-10-16,310.3349534329449,-0.0005898597948199814
2023-10-17,311.5678513417558,0.003972797440869865
2023-10-18,309.62145257255787,-0.006247110415326207
2023-10-19,308.88487540973017,-0.0023789603617827
2023-10-20,307.4138095647862,-0.004762505263466201
2023-10-23,303.1693104377552,-0.013807119247635863
2023-10-25,301.3291328163835,-0.006069801784074476
2023-10-26,297.06917147878335,-0.01413723690698026
2023-10-27,300.39944170737533,0.011210420159097113
2023-10-30,302.03232743659555,0.005435714926563745
2023-10-31,301.16127214611987,-0.002883980327101152
2023-11-01,300.0099793018153,-0.0038228449365361647
2023-11-02,302.6485215169595,0.008794848162333288
2023-11-03,304.4610154606386,0.005988775146147527
2023-11-06,307.23813548696927,0.009121430611170512
2023-11-07,307.3767664797061,0.00045121674923943736
2023-11-08,308.1179393182413,0.0024112845190730446
2023-11-09,307.2612533970806,-0.0027803831320443928
2023-11-10,307.9932075883263,0.0023821883922988097
2023-11-13,308.50423963218225,0.001659231539089732
2023-11-15,311.9455796769158,0.011154919779503144
2023-11-16,313.4652197117881,0.0048714908428776574
2023-11-17,312.8159079346537,-0.0020713997480531934
2023-11-20,312.4808265118164,-0.0010711776937740586
2023-11-21,313.86380727613596,0.004425809992112326
2023-11-22,314.1996470688949,0.0010700175839751924
2023-11-23,314.221875928944,7.074756530268131e-05
2023-11-24,313.8040156528984,-0.001329825540663795
2023-11-28,315.7401431932591,0.006169862219042744
2023-11-29,318.40174023686353,0.008429707469839523
2023-11-30,319.56737813163005,0.003660903027412375
2023-12-01,321.78116775666257,0.006927458109070975
2023-12-04,328.15516548329833,0.019808485906968702
2023-12-05,331.0559717447864,0.008839739753039684
2023-12-06,332.0878293974903,0.0031168676621829137
2023-12-07,331.60346600728707,-0.0014585400226259202
2023-12-08,332.0665851093814,0.0013966051310337305
2023-12-11,332.7607847553438,0.0020905435147405113
2023-12-12,331.5117596932635,-0.003753522407992324
2023-12-13,332.5187191324857,0.003037477283321471
2023-12-14,335.9460263434962,0.010307110588998103
2023-12-15,340.0444659578207,0.012199696656432413
2023-12-18,340.051266000837,1.9997511199307892e-05
2023-12-19,341.07044925155395,0.0029971458795109924
2023-12-20,335.5027954133457,-0.01632405812472433
2023-12-21,337.1478023271404,0.004903109411556685
2023-12-22,339.0592065817659,0.005669336241945383
2023-12-26,340.9624831501421,0.0056134047724705136
2023-12-27,344.40815156546967,0.010105711289679594
2023-12-28,346.8938373436297,0.007217267555548865
2023-12-29,346.03203126047214,-0.0024843510906879048
2024-01-01,345.86456031652517,-0.0004839752647665467
2024-01-02,345.6581622840617,-0.0005967597034936611
2024-01-03,344.19519783044666,-0.004232402452029363
2024-01-04,346.45963174260373,0.006578923606228161
2024-01-05,347.06245268891433,0.0017399456995279808
2024-01-08,344.2129636222866,-0.008210306371521554
2024-01-09,345.08111313466515,0.0025221290425631393
2024-01-10,345.992513114076,0.0026411181160620814
2024-01-11,347.3508661142884,0.003925960674659434
2024-01-12,350.1663975208619,0.008105727324275877
2024-01-15,353.044303051597,0.00821867989364594
2024-01-16,351.9106549132649,-0.00321106481122401
2024-01-17,345.78019066896434,-0.017420513299921343
2024-01-18,344.5293175412613,-0.003617538428916463
2024-01-19,348.01721233716825,0.010123651655534947
2024-01-23,342.0229086717445,-0.01722415861321335
2024-01-24,346.09679889968436,0.011911161868545166
2024-01-25,344.9081676603121,-0.003434389578728258
2024-01-29,351.9245364787741,0.02034271576129278
2024-01-30,348.2175801582005,-0.010533384110309511
2024-01-31,352.0132797866362,0.010900367599795664
2024-02-01,351.72809547488936,-0.0008101521394866833
2024-02-02,355.1786551432812,0.009810304359488453
2024-02-05,353.35530463355224,-0.0051336151070042624
2024-02-06,356.7284153868427,0.009545946272940534
2024-02-07,358.19087052675286,0.004099631755783342
2024-02-08,355.98036315559455,-0.00617131131205983
2024-02-09,357.29483160075745,0.003692530771952603
2024-02-12,354.29485065404526,-0.008396373754614985
2024-02-13,356.13061443825313,0.005181457706255095
2024-02-14,359.01240447018574,0.008091946929298034
2024-02-15,360.69552704502934,0.00468820172753489
2024-02-16,362.6277764151641,0.005357009514269584
2024-02-19,364.45212416101435,0.005030910108114954
2024-02-20,365.4520667729588,0.0027436871557445976
2024-02-21,363.5404712658416,-0.005230769452194146
2024-02-22,366.2424677331221,0.0074324502520234995
2024-02-23,365.92963872226983,-0.0008541582105116185
2024-02-26,364.1916690227024,-0.00474946414735898
2024-02-27,365.3963532841118,0.0033078303648243134
2024-02-28,360.7664574213177,-0.012670886890855604
2024-02-29,361.6331459863199,0.0024023535092401816
2024-03-01,367.8848583160495,0.017287442810803855
2024-03-04,369.36164998968775,0.004014276859336044
2024-03-05,369.28376043457195,-0.0002108761294465006
2024-03-06,371.1693397440599,0.005106044488035481
2024-03-07,371.68202163938486,0.001381261436298741
2024-03-11,369.51870875708903,-0.005820332317269653
2024-03-12,368.7471441624176,-0.002088025792433194
2024-03-13,361.3304517406327,-0.020113219964405068
2024-03-14,364.23906692740155,0.008049737221862164
2024-03-15,362.8337497690442,-0.003858227427969604
2024-03-18,364.3243836320388,0.004108310938393836
2024-03-19,360.73757164342936,-0.00984510548772946
2024-03-20,362.0490542883911,0.0036355587774986376
2024-03-21,365.2408143802659,0.008815822204392148
2024-03-22,367.3635386798214,0.005811848555746212
2024-03-26,366.16421302787313,-0.0032646834148489954
2024-03-27,368.24184679499706,0.005674049219457211
2024-03-28,372.4953122139167,0.011550738885164218
2024-04-01,374.708271148505,0.005940904118861587
2024-04-02,374.9734238038183,0.0007076242392532437
2024-04-03,374.88514771509665,-0.00023541958741012199
2024-04-04,374.9194503283724,9.15016598679554e-05
2024-04-05,374.2492600963346,-0.0017875579179764062
2024-04-08,377.4261255823528,0.008488635315405968
2024-04-09,376.9665588370868,-0.0012176336350775913
2024-04-10,380.06681962075163,0.008224232921957005
2024-04-12,376.6011087737795,-0.009118688262317546
2024-04-15,373.2937802754924,-0.008782046630334737
2024-04-16,371.0648217184817,-0.0059710573140696445
2024-04-18,369.2272211173588,-0.004952236088057543
2024-04-19,371.2705092539318,0.0055339585483150135
2024-04-22,375.29137940481274,0.01083002837731686
2024-04-23,376.11648827722655,0.002198582002395958
2024-04-24,376.91473891186945,0.0021223494835316374
2024-04-25,380.43166734877855,0.009330832874995275
2024-04-26,377.47852887745,-0.007762598975813185
2024-04-29,380.7677276110578,0.008713604833072855
2024-04-30,380.57132131564185,-0.0005158165494964545
2024-05-02,381.19033449961717,0.0016265366024831407
2024-05-03,378.575851492799,-0.006858733735340199
2024-05-06,376.81692917540505,-0.0046461556130910475
2024-05-07,374.42282768804876,-0.006353487070221025
2024-05-08,375.92995405664595,0.004025198938599109
2024-05-09,370.5634492951599,-0.014275278422419636
2024-05-10,373.3524859619924,0.007526475350273971
2024-05-13,374.14357698440546,0.0021188851076609475
2024-05-14,376.8782161751095,0.007309063575927888
2024-05-15,377.81503970939673,0.0024857460423021796
2024-05-16,380.9197160838416,0.008217450466855146
2024-05-17,382.0691862348493,0.003017617892886253
2024-05-21,384.9549908460218,0.007553094348201902
2024-05-22,386.23662785768437,0.0033293165230717054
2024-05-23,391.89640645559723,0.014653655789471809
2024-05-24,390.9390913970108,-0.002442775802015072
2024-05-27,389.7972084322302,-0.002920871792841455
2024-05-28,388.5673150692061,-0.003155213368435307
2024-05-29,386.289674798944,-0.005861636277504288
2024-05-30,381.4083049580088,-0.012636552720379897
2024-05-31,382.1058117993262,0.0018287667894231578
2024-06-03,395.346447286451,0.03465175110730459
2024-06-04,370.49296619624135,-0.0628650674890265
2024-06-05,382.7499195355263,0.033082823312744786
2024-06-06,386.7806879534446,0.010531075807434957
2024-06-07,395.50954243470466,0.022567968756265072
2024-06-10,395.54899479249366,9.975071030180426e-05
2024-06-11,395.92497148490366,0.0009505186395612301
2024-06-12,397.02663719457735,0.002782511306477918
2024-06-13,398.4214155154716,0.0035130598056338017
2024-06-14,399.5279491030873,0.0027772944538737177
2024-06-18,401.3310159995813,0.004512993147392543
2024-06-19,397.9760761382449,-0.008359532973000853
2024-06-20,398.2671669485856,0.0007314279118616834
2024-06-21,397.5482680670436,-0.001805066902828077
2024-06-24,397.9160237197034,0.0009250591241358283
2024-06-25,399.25003438717715,0.003352492958196373
2024-06-26,402.4685934644099,0.008061512335679574
2024-06-27,405.84731699865114,0.008394999234990099
2024-06-28,405.54347364430697,-0.0007486641936952098
2024-07-01,407.35547143374345,0.004468072863196221
2024-07-02,406.499626327789,-0.0021009785456967424
2024-07-03,408.9015342204053,0.005908757934944607
2024-07-04,409.1056999585993,0.0004993029399687237
2024-07-05,411.0407448659965,0.004729938760552689
2024-07-08,410.120308795934,-0.0022392818268237016
2024-07-09,412.0871460015856,0.004795756668149412
2024-07-10,410.44504336607605,-0.003984843136803944
2024-07-11,409.9337611227025,-0.0012456777140746938
2024-07-12,412.95651569959483,0.007373763430984034
2024-07-15,415.25642133904955,0.00556936518015318
2024-07-16,415.63646489050274,0.000915202106273781
2024-07-18,418.6596667658994,0.007273668531929919
2024-07-19,412.35426699586975,-0.01506092005169287
2024-07-22,411.80940795840434,-0.001321337211895164
2024-07-23,410.8368460233253,-0.0023616797389370693
2024-07-24,409.42037838436374,-0.003447761934383875
2024-07-25,409.5576418197065,0.00033526283152876925
2024-07-26,416.9209599187852,0.017978710069631983
2024-07-29,417.39985599788804,0.0011486495646468393
2024-07-30,417.5815223930512,0.00043523348787184734
2024-07-31,419.3453587482325,0.0042239329582239105
2024-08-01,420.7686049564429,0.0033939715285246047
2024-08-02,415.33987913046207,-0.012901927002236399
2024-08-05,403.39950614012815,-0.028748438544672836
2024-08-06,402.33118412795517,-0.002648297769114967
2024-08-07,408.3481916340051,0.014955359523253706
2024-08-08,404.5834775708508,-0.009219372438236525
2024-08-09,409.0268037585175,0.010982470698864733
2024-08-12,407.9969836953807,-0.0025177324656325446
2024-08-13,404.9651657107565,-0.007430981369430556
2024-08-14,404.5217086501848,-0.0010950498910032398
2024-08-16,411.02826621482126,0.016084569568213573
2024-08-19,412.27083241455773,0.003023067515962599
2024-08-20,414.4397661649097,0.005260943971343171
2024-08-21,415.89655579341587,0.0035150816775784224
2024-08-22,416.8457866875306,0.002282372577728704
2024-08-23,416.6992414518874,-0.0003515574352033337
2024-08-26,420.2209568498694,0.008451456224665659
2024-08-27,420.32876636590333,0.0002565543537905846
2024-08-28,420.8628163017258,0.0012705529065730704
2024-08-29,422.4538680103222,0.0037804520783698255
2024-08-30,424.4695630850274,0.004771396896420231
2024-09-02,425.16018507185424,0.0016270235769260792
2024-09-03,424.8783144700646,-0.0006629750660730308
2024-09-04,423.46807021566906,-0.0033191721167376755
2024-09-05,422.6207289831723,-0.0020009566059260553
2024-09-06,417.7599170263992,-0.011501593801298468
2024-09-09,418.34252158540033,0.0013945918104065855
2024-09-10,420.43149412335526,0.00499345017579935
2024-09-11,418.0213371896842,-0.0057325794269920925
2024-09-12,426.53125440377727,0.020357614449311164
2024-09-13,426.49173957083934,-9.264229181311521e-05
2024-09-16,426.59320610019034,0.00023790971767264886
2024-09-17,427.4261694959301,0.0019525941431521182
2024-09-18,426.61310517149275,-0.0019022333737688155
2024-09-19,426.9420401440716,0.0007710381340643566
2024-09-20,432.74033013510206,0.013580976914510072
2024-09-23,435.9894239506821,0.007508183520971284
2024-09-24,436.86138067998473,0.001999949268038248
2024-09-25,437.9120266327212,0.002404987026093242
2024-09-26,441.7993760925562,0.008877010046347313
2024-09-27,442.115003484488,0.000714413394430987
2024-09-30,436.9518744339354,-0.011678248894201397
2024-10-01,436.38401899013616,-0.001299583494257639
2024-10-03,427.98370488429583,-0.019249820663185584
2024-10-04,423.94144609257876,-0.0094448894796354
2024-10-07,419.1215472393468,-0.011369256055656883
2024-10-08,422.12525889909523,0.007166683935801416
2024-10-09,422.25175075896243,0.0002996547996135216
2024-10-10,422.10455866347803,-0.000348588478839521
2024-10-11,421.9225407993827,-0.0004312151109470267
2024-10-14,423.1957509255407,0.0030176395026104068
2024-10-15,421.90167141546846,-0.0030578745349926256
2024-10-16,421.3882069299271,-0.0012170240611246235
2024-10-17,416.67877225185964,-0.011176000183722806
2024-10-18,418.77008525424185,0.005019005386523883
2024-10-21,417.34195771586917,-0.0034102902491366127
2024-10-22,411.63085058513764,-0.013684478699406847
2024-10-23,410.5047099112468,-0.0027358024120156823
2024-10-24,409.4539975779623,-0.0025595621875121556
2024-10-25,405.58992315389077,-0.009437139329274181
2024-10-28,408.7305075681027,0.007743250596046911
2024-10-29,410.9445060474773,0.005416768355627821
2024-10-30,410.0869101808676,-0.0020868897235253483
2024-10-31,407.9308051078229,-0.005257678359189248
2024-11-01,409.8008004701138,0.0045840994082235005
2024-11-04,404.1664640582109,-0.013748963900117598
2024-11-05,407.59346245590206,0.008479175543860861
2024-11-06,412.6316980771892,0.012360933345029522
2024-11-07,408.063181936055,-0.011071655819034
2024-11-08,406.9814845821328,-0.0026508085066388226
2024-11-11,405.8861219995583,-0.002691430996422623
2024-11-12,401.23347226920157,-0.011462943614420558
2024-11-13,395.7794311309657,-0.013593185801249772
2024-11-14,395.4053801618551,-0.0009450995673062589
2024-11-18,394.76148822868515,-0.0016284349315286186
2024-11-19,394.8037910384687,0.00010716042735929872
2024-11-21,389.86124927054107,-0.012518982543017271
2024-11-22,399.2676903518712,0.024127663621173683
2024-11-25,404.41202622976203,0.012884428172380344
2024-11-26,403.4359064142735,-0.0024136765283383414
2024-11-27,404.9864095447616,0.00384324524871603
2024-11-28,399.7420441903117,-0.012949484799613593
2024-11-29,404.04766887173724,0.010771007813668137
2024-12-02,406.81020142303225,0.006837145129457262
2024-12-03,410.3521885898131,0.00870673143001557
2024-12-04,409.84056455219803,-0.0012467925158954174
2024-12-05,413.54954031782535,0.009049801523867744
2024-12-06,413.09646907503463,-0.001095567032773241
2024-12-09,411.4905519469363,-0.0038875111464741225
2024-12-10,410.77719891650355,-0.0017335830119490885
2024-12-11,410.892515632048,0.0002807281315726906
2024-12-12,409.3326330269658,-0.0037963276178995566
2024-12-13,412.97822830141706,0.008906192617706685
2024-12-16,410.8690297371074,-0.005107287551173966
2024-12-17,404.7761257775948,-0.014829309387010993
2024-12-18,402.5133878935417,-0.005590097191889225
2024-12-19,398.8346765054388,-0.009139351630897422
2024-12-20,392.56296124983237,-0.015725100210841045
2024-12-23,394.9450686397921,0.006068090026566974
2024-12-24,394.225931434247,-0.0018208537405513994
2024-12-26,395.0070692170051,0.00198144698375424
2024-12-27,395.1740028219169,0.00042260915796447695
2024-12-30,392.89403175955135,-0.005769537080082046
2024-12-31,393.2285581957587,0.0008514418880559897
2025-01-01,394.5977857973444,0.0034820146529237527
2025-01-02,402.5229709864165,0.02008421099742875
2025-01-03,400.70998993532385,-0.004504043698797639
2025-01-06,393.98582073298815,-0.016780637795980574
2025-01-07,395.8864912325486,0.004824210414538136
2025-01-08,396.1004895335499,0.0005405546936825319
2025-01-09,393.4161481573203,-0.006776920117898965
2025-01-10,391.3543025501815,-0.0052408769106100555
2025-01-13,385.0932580612171,-0.015998404637857712
2025-01-14,387.98277814090955,0.007503429414059204
2025-01-15,388.8141170602292,0.0021427211880465868
2025-01-16,391.43679704434277,0.006745331172497829
2025-01-17,391.75624048619534,0.0008160792349228473
2025-01-20,394.68048220771436,0.007464441964957309
2025-01-21,389.161034830376,-0.013984596721034593
2025-01-22,390.90735342035913,0.004487393222048221
2025-01-23,391.81248568738397,0.0023154649282116193
2025-01-24,389.936998735597,-0.0047866952184964
2025-01-27,385.2856010017368,-0.011928587820449844
2025-01-28,386.74746532185725,0.0037942355393495984
2025-01-29,390.27207912561596,0.0091134761563995
2025-01-30,392.56728064367235,0.005881029263478486
2025-01-31,396.60417322024404,0.010283313907243219
2025-02-01,396.12054481076234,-0.0012194234003007074
2025-02-03,394.47815495356787,-0.004146187009762644
2025-02-04,400.73143134216207,0.015852021994298277
2025-02-05,400.100399791471,-0.0015746994154602926
2025-02-06,398.2948936981395,-0.004512632564907426
2025-02-07,398.4575747290142,0.0004084436769053636
2025-02-10,395.03127533053936,-0.008598906422609836
2025-02-11,389.686726207261,-0.01352943287542575
2025-02-12,389.64181429808485,-0.00011525131895891307
2025-02-13,389.5235775151682,-0.0003034499342162762
2025-02-14,386.9722406971229,-0.006549890597946931
2025-02-17,387.9544168756827,0.0025381049989280733
2025-02-18,387.79132848224316,-0.00042038029816221067
2025-02-19,387.4451250005037,-0.0008927571513639193
2025-02-20,388.0759643618529,0.001628203119986178
2025-02-21,386.0146521268783,-0.005311620466792403
2025-02-24,381.63861713721985,-0.011336447892708733
2025-02-25,381.2754385295309,-0.0009516296081702589
2025-02-27,380.82551761022023,-0.0011800417069765725
2025-02-28,372.80760341285577,-0.021054036104720567
2025-03-03,373.1182384334273,0.0008332314516331379
2025-03-04,372.3943648626476,-0.0019400648272220014
2025-03-05,377.8022785173007,0.014522007218470447
2025-03-06,382.40881477654557,0.012192981676350348
2025-03-07,383.1799481416829,0.0020165156642322946
2025-03-10,381.2714046343647,-0.004980802144199206
2025-03-11,382.60608805494894,0.003500612436078557
2025-03-12,381.944868675991,-0.0017281987913976649
2025-03-13,380.54535379497867,-0.0036641803458800975
2025-03-17,382.44455546242665,0.004990736711165143
2025-03-18,382.4664189079832,5.716762140884744e-05
2025-03-19,389.2908352776796,0.017843177942736533
2025-03-20,394.40102274715485,0.013126914395069689
2025-03-21,397.37026234434836,0.007528478441844712
2025-03-24,402.7216139839313,0.013466915234199451
2025-03-25,402.1363659430875,-0.0014532322590144196
2025-03-26,399.312380837941,-0.007022456421029499
2025-03-27,401.66418155598876,0.005889626344949663
2025-03-28,400.6514568944702,-0.0025213218106613614
2025-04-01,395.29164900412354,-0.013377732186203911
2025-04-02,397.6217134169631,0.005894544999141113
2025-04-03,396.36419599838,-0.0031625974541898316
2025-04-04,388.73151598210274,-0.019256734319939673
2025-04-07,377.4670340098099,-0.02897753721828785
2025-04-08,383.9655554408834,0.0172161297426165
2025-04-09,382.01637840292346,-0.0050764372229217015
2025-04-11,389.3811861922147,0.019278774957453258
2025-04-15,396.94922662944424,0.01943607114467419
2025-04-16,398.9039072199461,0.004924258467762677
2025-04-17,405.3850509958285,0.016247381032316602
2025-04-21,409.8387473512606,0.0109863359403401
2025-04-22,409.99030603627835,0.00036980077163808984
2025-04-23,413.4559011297322,0.008452870817748521
2025-04-24,412.27072519145844,-0.002866511120134763
2025-04-25,408.52439918546173,-0.009087053183940957
2025-04-28,413.95072175062205,0.013282738010213315
2025-04-29,413.7344078249472,-0.0005225596050661456
2025-04-30,413.20358963390584,-0.0012829926179742633
2025-05-02,412.376035648682,-0.0020027754017264508
2025-05-05,414.8241054684023,0.0059364987489377834
2025-05-06,413.7290252848111,-0.0026398663172060893
2025-05-07,413.7378094350249,2.1231650855943007e-05
2025-05-08,410.8897169599903,-0.006883810012248382
2025-05-09,407.0483638767275,-0.009348866434729642
2025-05-12,421.7056885232631,0.03600880373756907
2025-05-13,416.6122540511932,-0.012078173500353293
2025-05-14,418.478988202067,0.00448074710410329
2025-05-15,424.50749707572595,0.014405762400543903
2025-05-16,423.85677125900713,-0.0015328959351752173
2025-05-19,423.2383172653272,-0.0014591108025545912
2025-05-20,418.7133514362533,-0.010691295292711532
2025-05-21,420.85401532745794,0.005112480612003004
2025-05-22,417.2822940915964,-0.00848684129360744
2025-05-23,421.0627862990604,0.009059795397487322
2025-05-26,423.8914046081914,0.006717806467755655
2025-05-27,420.95866449158115,-0.006918611900897188
2025-05-28,419.5507124516441,-0.0033446325226196773
2025-05-29,420.80788239732794,0.002996467193054191
2025-05-30,419.05102159843875,-0.0041749712217375645
2025-06-02,418.6713293176014,-0.0009060764949075475
2025-06-03,415.8024248435391,-0.0068524025247642326
2025-06-04,417.02270119752257,0.0029347504513534232
2025-06-05,418.5477973713917,0.0036571058829404797
2025-06-06,422.60301544017256,0.009688781291524697
2025-06-09,424.8520376460833,0.005321831893623019
2025-06-10,424.8106460455992,-9.742591965296581e-05
2025-06-11,425.7609949687532,0.0022371118332377847
2025-06-12,421.75930946874206,-0.009398901137725957
2025-06-13,419.03412121949395,-0.006461477406819523
2025-06-16,422.88335305085155,0.009185962756816447
2025-06-17,421.3061488092887,-0.003729643718969438
2025-06-18,420.4290917005025,-0.0020817572002330862
2025-06-19,419.5837096078195,-0.002010760219431245
2025-06-20,424.73561499046644,0.012278611549200392
2025-06-23,422.729023776852,-0.004724330013294343
2025-06-24,423.612408729049,0.0020897191877301755
2025-06-25,426.99470917622483,0.00798442249915128
2025-06-26,431.9575430052163,0.011622705673721359
2025-06-27,434.26598211557723,0.005344134273708247
2025-06-30,432.65299669691996,-0.0037142799231001415
2025-07-01,433.1843946963216,0.0012282314082152782
2025-07-02,432.39762756981787,-0.0018162406959632569
2025-07-03,431.2019070859633,-0.0027653261896344373
2025-07-04,432.8076090301366,0.0037237821025062037
2025-07-07,433.30958653679915,0.0011598167319363353
2025-07-08,433.6620736993945,0.0008134764924372992
2025-07-09,432.63002891498,-0.0023798363910649606
2025-07-10,430.7697773673425,-0.004299866914700642
2025-07-11,427.3304621608786,-0.007984114455483355
2025-07-14,426.31033359815507,-0.0023872123638578276
2025-07-15,428.24231668556837,0.004531870178015376
2025-07-16,428.9269066860463,0.0015986042803439828
2025-07-17,427.6539802347031,-0.0029677001640630043
2025-07-18,426.1388121575538,-0.0035429766754837425
2025-07-21,426.5183241486564,0.0008905830219527302
2025-07-22,425.19099237172327,-0.0031120158309318876
2025-07-23,427.6495556888976,0.005782256353692649
2025-07-24,424.6452553375431,-0.007025145499133918
2025-07-25,420.7327183211265,-0.00921366003090422
2025-07-28,417.45639999381984,-0.007787172674329573
2025-07-29,420.05618064452017,0.006227669885379242
2025-07-30,421.2285049243775,0.002790874968340156
2025-07-31,419.27747933168297,-0.004631751103940096
2025-08-01,415.5238905051557,-0.008952517155251076
2025-08-04,419.0582754494096,0.008505852551479402
2025-08-05,418.4540967270961,-0.0014417534689312851
2025-08-06,416.71913577082853,-0.004146120135607289
2025-08-07,416.9065387229495,0.0004497104549191261
2025-08-08,413.04418956136374,-0.009264304593103234
2025-08-11,416.58049874288974,0.00856157590615529
2025-08-12,415.80126424390187,-0.0018705496328786304
2025-08-13,417.79818483604225,0.004802584224392917
2025-08-14,417.55934371270195,-0.0005716662542085116
2025-08-18,423.17658009911804,0.01345254625718781
2025-08-19,425.6939889817238,0.005948837910680424
2025-08-20,427.516434775118,0.004281117047843632
2025-08-21,427.8615523923567,0.0008072616376028118
2025-08-22,424.51324253979664,-0.007825685280292673
2025-08-25,426.4773181260689,0.00462665328064096
2025-08-26,422.4691138929172,-0.009398399546225854
2025-08-28,419.48517228689656,-0.007063100018187309
2025-08-29,418.2668385396594,-0.002904354737010698
2025-09-01,421.56142910841055,0.007876767329329706
2025-09-02,421.7222466531924,0.00038148068982957927
2025-09-03,423.9646216882752,0.005317184599290964
2025-09-04,424.0922290801835,0.0003009859440633558
2025-09-05,424.1551732862993,0.0001484210315581083
2025-09-08,424.2242432299315,0.00016284121468336575
2025-09-09,426.3113543193308,0.004919829836948007
2025-09-10,428.0650339046583,0.004113612193434343
2025-09-11,429.01913809826283,0.0022288767314197462
2025-09-12,430.68580745688087,0.0038848368536797922
2025-09-15,430.1331765034536,-0.0012831417795966216
2025-09-16,433.41943188010464,0.00764008813122713
2025-09-17,435.0153774903624,0.0036822197918879884
2025-09-18,436.1247544170778,0.0025502016345156715
2025-09-19,435.45721518548675,-0.0015306153224052548
2025-09-22,433.52849023588817,-0.004429195067480948
2025-09-23,433.2833777880793,-0.0005653894803442085
2025-09-24,431.93541829858924,-0.003111034391329359
2025-09-25,429.0633576266317,-0.006649282624867092
2025-09-26,424.7769455459828,-0.009990161136945468
2025-09-29,424.7441954070248,-7.709961498942493e-05
2025-09-30,424.6827000870471,-0.00014478201383951654
2025-10-01,427.0309066535217,0.005529320045278988
2025-10-03,428.5576351142842,0.0035752177113524183
2025-10-06,430.4201396953583,0.004345983896838848
2025-10-07,431.1407763181289,0.0016742632519025332
2025-10-08,429.8464064798067,-0.0030021976797831402
2025-10-09,432.2909475668654,0.005687010639632914
2025-10-10,434.44861136577106,0.004991230584517309
2025-10-13,433.58660554789014,-0.0019841375834324868
2025-10-14,432.08196018870484,-0.0034702302606511746
2025-10-15,435.6723477606588,0.008309505840942581
2025-10-16,440.26564095071666,0.010542999145268767
2025-10-17,442.31293593285636,0.004650135717424524
2025-10-20,445.2251600898584,0.006584080908373162
2025-10-21,445.64054851104606,0.0009329850566034388
2025-10-23,445.6385883681925,-4.398484070073299e-06
2025-10-24,444.1391577983063,-0.0033646784839183315
2025-10-27,447.7410762145506,0.008109887077058791
2025-10-28,447.20833571922947,-0.0011898405655010307
2025-10-29,450.0790494757685,0.006419186601077393
2025-10-30,447.35747841369295,-0.006046873466439932
2025-10-31,444.76833809118455,-0.005787631698232357
2025-11-03,445.6800776361596,0.0020499200749944787
2025-11-04,443.78091880861433,-0.00426126031394141
2025-11-06,441.6502134290909,-0.004801255054506581
2025-11-07,441.18843043451125,-0.001045585353608763
2025-11-10,442.675771185647,0.003371214312376477
2025-11-11,443.6852150782207,0.002280323338840269
2025-11-12,446.5322968418241,0.006416895733389374
2025-11-13,446.92874745306796,0.0008878430833510028
2025-11-14,447.54199694999727,0.001372141533575624
2025-11-17,449.4241244593276,0.004205476853919818
2025-11-18,447.77157992177837,-0.003677026771843379
2025-11-19,449.76955987756594,0.004462051736594332
2025-11-20,452.07555103565426,0.005127050302639483
2025-11-21,449.55636050582433,-0.005572498941955115
2025-11-24,447.35004864053303,-0.0049077536414096345
2025-11-25,446.7931456496242,-0.0012448931046306784
2025-11-26,452.0696257291148,0.01180967105441773
2025-11-27,451.69179951344694,-0.000835769965873077
2025-11-28,451.8018672181205,0.00024367877564327833
2025-12-01,451.4592213807159,-0.0007583984535397268
2025-12-02,449.6863177401309,-0.003927051562182901
2025-12-03,447.73065936840493,-0.004348939014987227
2025-12-04,448.8307708556837,0.002457083213444987
2025-12-05,451.2905393886967,0.0054803919266131085
2025-12-08,447.08089533159443,-0.009328013086213822
2025-12-09,445.6998551618355,-0.0030890162925317193
2025-12-10,444.9276835768511,-0.0017324923399493664
2025-12-11,447.1892067773576,0.005082900624042217
2025-12-12,450.1622263823386,0.006648236495701539
2025-12-15,449.7628114576224,-0.000887268858442507
2025-12-16,447.4282023001439,-0.005190756323121353
2025-12-17,447.1883656931863,-0.0005360337272541819
2025-12-18,446.5254243213074,-0.0014824656067500628
2025-12-19,448.8479967888338,0.00520143387368489
2025-12-22,451.8134910266644,0.00660690090865167
2025-12-23,451.993151512744,0.0003976430311351601
2025-12-24,451.0238209039516,-0.002144569238600645
2025-12-26,450.04661593550867,-0.0021666371556260168
2025-12-29,448.25013747167304,-0.003991760853709073
2025-12-30,448.9683287170129,0.001602210875808713
